No,Keyword,Search Intent,Search Volume,CPC,Paid Difficulty,SEO Difficulty
1,"imei checker",null,"1.2m","$0.26","1","_"
2,"imei checker for iphone",null,"90,500","$0.13","1","_"
3,"imei check vivo",null,"74,000","$0.04","1","_"
4,"imei checker pta",null,"74,000","$0.00","1","_"
5,"imei checker bd",null,"60,500","$0.00","1","_"
6,"imei number how to find",null,"60,500","$0.37","1","_"
7,"imei check number",null,"49,500","$2.38","2","_"
8,"imei checker swappa",null,"33,100","$0.05","1","_"
9,"imei checker code",null,"27,100","$0.22","1","_"
10,"imei checker info",null,"22,200","$0.11","1","_"
11,"imei check number iphone",null,"18,100","$0.09","2","_"
12,"imei check warranty samsung",null,"14,800","$1.20","1","_"
13,"imei checker iphone icloud",null,"12,100","$0.78","1","_"
14,"imei check xiaomi",null,"9,900","$0.02","1","_"
15,"imei check verizon",null,"9,900","$4.99","1","_"
16,"imei checker iphone free",null,"8,100","$0.40","1","_"
17,"imei checker att",null,"8,100","$17.79","9","_"
18,"imei check warranty",null,"8,100","$0.67","1","_"
19,"imei checker com",null,"8,100","$0.10","5","_"
20,"imei check motorola",null,"8,100","$1.53","1","_"
21,"imei check bangladesh",null,"6,600","$0.00","1","_"
22,"imei checker for ipad",null,"5,400","$5.41","1","_"
23,"imei checker blacklist free",null,"5,400","$0.42","2","_"
24,"imei sony",null,"5,400","$0.00","1","_"
25,"imei check t mobile",null,"5,400","$1.04","16","_"
26,"imei checker mi",null,"4,400","$0.02","1","_"
27,"imei checker tool",null,"4,400","$0.26","1","_"
28,"imei check number samsung",null,"4,400","$0.31","1","_"
29,"imei checker cricket",null,"4,400","$5.23","1","_"
30,"imei check myanmar",null,"3,600","$0.00","1","_"
31,"imei checker network",null,"2,900","$2.88","2","_"
32,"imei unlock check iphone",null,"2,900","$0.49","7","_"
33,"imei check tecno",null,"2,900","$0.00","1","_"
34,"imei checker find my iphone",null,"2,900","$0.06","2","_"
35,"imei checker online free",null,"2,400","$0.32","3","_"
36,"imei checker site",null,"2,400","$0.26","1","_"
37,"imei checker service",null,"2,400","$0.26","3","_"
38,"imei checker iphone apple",null,"2,400","$0.31","1","_"
39,"imei check redmi",null,"2,400","$0.03","1","_"
40,"imei check huawei",null,"1,900","$0.00","1","_"
41,"imei checker iphone code",null,"1,600","$0.33","1","_"
42,"imei check oppo",null,"1,600","$0.00","1","_"
43,"imei checker blocked",null,"1,600","$0.31","1","_"
44,"imei checker boost",null,"1,300","$4.66","10","_"
45,"imei check nokia",null,"1,300","$0.00","1","_"
46,"imei checker apple free",null,"1,300","$0.12","1","_"
47,"imei checker australia",null,"1,000","$0.40","5","_"
48,"imei checker straight talk",null,"1,000","$2.33","25","_"
49,"imei checker sim lock",null,"1,000","$4.38","7","_"
50,"imei checker free samsung",null,"1,000","$2.76","2","_"
51,"imei check realme",null,"1,000","$0.00","1","_"
52,"imei checker serial number",null,"1,000","$0.27","2","_"
53,"imei check lock",null,"1,000","$3.17","3","_"
54,"imei checker metro",null,"880","$2.55","11","_"
55,"imei checker metropcs",null,"880","$3.20","8","_"
56,"imei24 blacklist check",null,"880","$0.19","8","_"
57,"imei check xfinity",null,"880","$10.56","7","_"
58,"imei check oneplus",null,"880","$0.00","1","_"
59,"imei checker location",null,"880","$0.19","11","_"
60,"imei checker activation date",null,"880","$0.09","1","_"
61,"imei checker ios",null,"720","$0.20","1","_"
62,"imei checker lg",null,"720","$0.00","1","_"
63,"imei checker infinix",null,"720","$0.00","1","_"
64,"imei check phone",null,"590","$2.10","2","_"
65,"imei check google pixel",null,"590","$0.00","1","_"
66,"imei number how many digits",null,"590","$0.00","1","_"
67,"imei check net",null,"480","$0.28","1","_"
68,"imei check pixel",null,"480","$0.00","1","_"
69,"imei check 24",null,"480","$0.24","1","_"
70,"imei checker stolen",null,"480","$0.00","1","_"
71,"imei check number code",null,"480","$0.00","1","_"
72,"imei checker nz",null,"390","$4.48","2","_"
73,"imei check pta online",null,"390","$0.00","1","_"
74,"imei check vodafone",null,"390","$1.72","3","_"
75,"imei check btrc",null,"390","$0.00","1","_"
76,"imei check honor",null,"390","$0.00","1","_"
77,"imei check bd btrc",null,"320","$0.00","1","_"
78,"imei checker apple watch",null,"320","$0.00","1","_"
79,"imei checker carrier lock",null,"320","$4.99","8","_"
80,"galaxy imei check",null,"320","$0.87","1","_"
81,"imei check reddit",null,"320","$0.00","1","_"
82,"imei checker usa",null,"320","$0.37","13","_"
83,"imei checker macbook",null,"260","$0.00","1","_"
84,"imei checker uk free",null,"260","$0.26","3","_"
85,"imei check device",null,"260","$3.45","4","_"
86,"imei checker india",null,"260","$0.00","1","_"
87,"imei checker samsung free",null,"260","$0.36","2","_"
88,"imei checker app",null,"260","$0.00","1","_"
89,"imei check dial code",null,"260","$0.00","1","_"
90,"imei 2 checker",null,"260","$0.44","2","_"
91,"imei checker us cellular",null,"260","$0.00","1","_"
92,"imei check lost",null,"210","$0.00","1","_"
93,"imei check google",null,"210","$0.00","1","_"
94,"imei check iphone 7",null,"210","$0.00","1","_"
95,"imei checker rogers",null,"210","$0.00","1","_"
96,"imei check to see if phone is unlocked",null,"210","$4.06","14","_"
97,"imei check lost or stolen",null,"210","$0.00","2","_"
98,"imei check government",null,"210","$0.00","1","_"
99,"imei check xfinity mobile",null,"210","$9.41","15","_"
100,"imei checker pakistan",null,"170","$0.00","1","_"
101,"imei checker airpods",null,"170","$0.00","1","_"
102,"imei checker telus",null,"170","$0.00","1","_"
103,"imei check zte",null,"170","$0.00","1","_"
104,"imei checker unlock status",null,"170","$3.81","10","_"
105,"imei check nepal",null,"170","$0.00","1","_"
106,"imei check digit",null,"170","$0.00","1","_"
107,"imei checker spectrum",null,"170","$7.48","4","_"
108,"imei check telco set",null,"140","$0.00","22","_"
109,"imei checker tracker",null,"140","$0.14","6","_"
110,"imei 1 check",null,"140","$0.00","1","_"
111,"imei checker unlocked phone",null,"140","$2.71","6","_"
112,"imei check dial",null,"140","$0.00","1","_"
113,"imei check date of purchase",null,"140","$0.00","1","_"
114,"imei check network lock",null,"140","$3.16","8","_"
115,"imei check kaise kare",null,"140","$0.00","1","_"
116,"imei check blacklist status",null,"110","$0.00","1","_"
117,"imei check nothing",null,"110","$0.00","1","_"
118,"imei check lost phone",null,"110","$0.00","2","_"
119,"imei check locked or unlocked",null,"110","$3.10","6","_"
120,"imei check esn",null,"110","$0.00","1","_"
121,"imei check oppo phone",null,"110","$0.00","1","_"
122,"imei checker optus",null,"90","$0.00","1","_"
123,"imei check dirbs",null,"90","$0.00","1","_"
124,"imei check delhi police",null,"90","$0.00","1","_"
125,"imei checker south africa",null,"90","$0.00","5","_"
126,"imei checker api",null,"90","$0.00","1","_"
127,"imei number how to get",null,"90","$0.00","1","_"
128,"imei check kemenperin",null,"90","$0.00","1","_"
129,"imei checker tecno",null,"70","$0.00","1","_"
130,"imei check how",null,"70","$0.00","1","_"
131,"imei check kg",null,"70","$0.00","1","_"
132,"imei ps5",null,"70","$0.00","1","_"
133,"imei check xiaomi activation date",null,"70","$0.00","1","_"
134,"imei checker malaysia",null,"70","$0.00","1","_"
135,"imei check esim",null,"70","$4.18","24","_"
136,"imei checker honor",null,"70","$0.00","1","_"
137,"imei check date of activation",null,"70","$0.00","1","_"
138,"imei check digit calculator",null,"70","$0.00","1","_"
139,"imei check realme phone",null,"70","$0.00","1","_"
140,"imei checker apk",null,"70","$0.00","1","_"
141,"imei check redmi phone",null,"50","$0.00","1","_"
142,"imei check 14 digit",null,"50","$0.00","1","_"
143,"imei check karne ka code",null,"50","$0.00","1","_"
144,"imei checker uk iphone",null,"50","$0.00","5","_"
145,"imei check location online",null,"50","$0.37","11","_"
146,"imei checker iphone number",null,"50","$0.00","2","_"
147,"imei check kz",null,"50","$0.00","1","_"
148,"imei check karne ka tarika",null,"50","$0.00","2","_"
149,"imei check iphone 6",null,"50","$0.00","1","_"
150,"imei check govt of india",null,"40","$0.00","1","_"
151,"imei check xperia",null,"40","$0.00","1","_"
152,"imei checker cricket wireless",null,"40","$0.00","1","_"
153,"imei check iphone 8",null,"40","$0.00","1","_"
154,"imei checker canada free",null,"40","$0.00","2","_"
155,"imei number 14 digits",null,"40","$0.00","1","_"
156,"imei number 1 or 2",null,"40","$0.00","1","_"
157,"imei check dvs",null,"40","$0.00","1","_"
158,"imei check registration",null,"40","$0.00","1","_"
159,"imei check warranty vivo",null,"40","$0.00","1","_"
160,"imei check vivo code",null,"40","$0.00","1","_"
161,"imei check date",null,"40","$0.00","1","_"
162,"imei check warranty redmi",null,"30","$0.00","1","_"
163,"imei check watch",null,"30","$0.00","1","_"
164,"check to see if phone is unlocked by imei",null,"30","$3.32","28","_"
165,"imei checker myanmar",null,"30","$0.00","1","_"
166,"imei check keypad",null,"30","$0.00","1","_"
167,"imei number how to find iphone",null,"30","$0.00","3","_"
168,"imei number 35",null,"30","$0.00","1","_"
169,"imei check which country",null,"30","$0.00","1","_"
170,"imei check xiaomi phone",null,"30","$0.00","1","_"
171,"imei number 2",null,"30","$0.00","1","_"
172,"imei number 86",null,"30","$0.00","1","_"
173,"imei checker free online",null,"30","$0.00","4","_"
174,"imei check government website",null,"30","$0.00","1","_"
175,"imei checker for samsung phones",null,"30","$0.00","1","_"
176,"imei checker poco",null,"30","$0.00","1","_"
177,"imei checker download",null,"30","$0.00","2","_"
178,"imei check honor phone",null,"30","$0.00","1","_"
179,"imei check 06",null,"30","$0.00","1","_"
180,"imei check zain",null,"30","$0.00","1","_"
181,"imei check verification",null,"30","$0.00","1","_"
182,"imei number how to find without phone",null,"20","$0.00","1","_"
183,"imei checker canada samsung",null,"20","$0.00","1","_"
184,"imei checker github",null,"20","$0.00","1","_"
185,"imei check verizon unlock",null,"20","$0.00","13","_"
186,"imei check redmi code",null,"20","$0.00","1","_"
187,"imei number 1",null,"20","$0.00","1","_"
188,"imei checker apple id",null,"20","$0.00","1","_"
189,"imei check pixel 7 pro",null,"20","$0.00","1","_"
190,"imei check 2",null,"20","$0.00","1","_"
191,"imei check emi status",null,"20","$0.00","1","_"
192,"imei check emergency call",null,"20","$0.00","1","_"
193,"imei check xiaomi free",null,"20","$0.00","1","_"
194,"imei check egypt tax",null,"20","$0.00","1","_"
195,"imei number jio",null,"20","$0.00","1","_"
196,"imei check qr code",null,"20","$0.00","1","_"
197,"imei check 02",null,"20","$0.00","1","_"
198,"imei checker philippines",null,"20","$0.00","2","_"
199,"imei number how to know",null,"20","$0.00","3","_"
200,"imei check vivo india",null,"20","$0.00","1","_"
201,"imei number que es",null,"10","$0.00","1","_"
202,"imei check pixel 7",null,"10","$0.00","1","_"
203,"imei check korea",null,"10","$0.00","5","_"
204,"imei number 00000",null,"10","$0.00","1","_"
205,"imei checker for iphone free",null,"10","$0.00","1","_"
206,"imei check korbo kivabe",null,"10","$0.00","1","_"
207,"imei checker egypt",null,"10","$0.00","1","_"
208,"imei check iphone 7 plus",null,"10","$0.00","1","_"
209,"imei number check jio",null,"10","$0.00","1","_"
210,"imei number 07 country",null,"10","$0.00","1","_"
211,"imei checker using serial number",null,"10","$0.00","1","_"
212,"imei check vivo y21",null,"10","$0.00","1","_"
213,"imei checker android free",null,"10","$0.00","4","_"
214,"imei checker website samsung",null,"10","$0.00","1","_"
215,"imei number 01 meaning",null,"10","$0.00","1","_"
216,"imei 99",null,"10","$0.00","1","_"
217,"imei checker myanmar online",null,"0","$0.00","1","_"
218,"imei check xiaomi code",null,"0","$0.00","1","_"
219,"imei checker cox",null,"0","$0.00","1","_"
220,"imei checker how",null,"0","$0.00","1","_"
221,"imei quick check",null,"0","$0.00","1","_"
222,"imei number z flip 6",null,"0","$0.00","1","_"
223,"imei checker esim",null,"0","$0.00","1","_"
224,"imei checker model",null,"0","$0.00","1","_"
225,"imei check 16 digit",null,"0","$0.00","1","_"
226,"imei number 2 kyu hota hai",null,"0","$0.00","1","_"
227,"imei checker refurbished",null,"0","$0.00","1","_"
228,"imei checker for tecno",null,"0","$0.00","1","_"
229,"imei checker what carrier",null,"0","$0.00","1","_"
230,"imei check kya hota hai",null,"0","$0.00","1","_"
231,"imei check 24 samsung",null,"0","$0.00","1","_"
232,"imei check kg lock",null,"0","$0.00","1","_"
233,"imei checker unlocked samsung",null,"0","$0.00","1","_"
234,"imei check your phone",null,"0","$0.00","1","_"
235,"imei checker japan",null,"0","$0.00","1","_"
236,"imei number 4",null,"0","$0.00","1","_"
237,"imei checker us mobile",null,"0","$0.00","1","_"
238,"imei check 2025",null,"0","$0.00","1","_"
239,"imei byod checker",null,"0","$0.00","1","_"
240,"imei check q mobile",null,"0","$0.00","1","_"
241,"imei checker by serial number",null,"0","$0.00","1","_"
242,"imei check oneplus 8 pro",null,"0","$0.00","1","_"
243,"imei number janne ka tarika",null,"0","$0.00","1","_"
244,"imei checker org",null,"0","$0.00","1","_"
245,"imei check que es",null,"0","$0.00","1","_"
246,"imei checker variant",null,"0","$0.00","1","_"
247,"imei query checker",null,"0","$0.00","1","_"
248,"imei number 6",null,"0","$0.00","1","_"
249,"imei checker amta",null,"0","$0.00","1","_"
250,"imei checker zte",null,"0","$0.00","1","_"
251,"imei checker on samsung",null,"0","$0.00","1","_"
252,"imei checker visible",null,"0","$0.00","1","_"
253,"imei number 0",null,"0","$0.00","1","_"
254,"imei number 8",null,"0","$0.00","1","_"
255,"imei number 15 digits",null,"0","$0.00","1","_"
256,"imei checker safe",null,"0","$0.00","1","_"
257,"imei checker tool online",null,"0","$0.00","1","_"
258,"imei check que compañia es",null,"0","$0.00","1","_"
259,"imei checker ee",null,"0","$0.00","1","_"
260,"iphone imei check year",null,"0","$0.00","1","_"
261,"imei check pixel 9a",null,"0","$0.00","1","_"
262,"imei number z flip 7",null,"0","$0.00","1","_"
263,"imei check version",null,"0","$0.00","1","_"
264,"imei checker for redmi",null,"0","$0.00","1","_"
265,"imei check jailbreak",null,"0","$0.00","1","_"
266,"imei check xiaomi blacklist",null,"0","$0.00","1","_"
267,"imei check pixel 6",null,"0","$0.00","1","_"
268,"imei checker with color",null,"0","$0.00","1","_"
269,"imei checker mint",null,"0","$0.00","1","_"
270,"imei checker mint mobile",null,"0","$0.00","1","_"
271,"imei checker kenya",null,"0","$0.00","1","_"
272,"imei checker 2degrees",null,"0","$0.00","1","_"
273,"imei check hmd",null,"0","$0.00","1","_"
274,"imei checker to",null,"0","$0.00","1","_"
275,"imei number 15 digit meaning",null,"0","$0.00","1","_"
276,"imei checker 2024",null,"0","$0.00","1","_"
277,"imei check year of manufacture",null,"0","$0.00","1","_"
278,"imei checker lock status",null,"0","$0.00","1","_"
279,"imei check iphone que es",null,"0","$0.00","1","_"
280,"imei checker public mobile",null,"0","$0.00","1","_"
281,"imei number janne ka code",null,"0","$0.00","1","_"
282,"imei check hp",null,"0","$0.00","1","_"
283,"imei number 32 digit",null,"0","$0.00","1","_"
284,"imei number janne ke liye",null,"0","$0.00","1","_"
285,"imei checker best",null,"0","$0.00","1","_"
286,"imei checker unlocked or locked",null,"0","$0.00","1","_"
287,"imei check error",null,"0","$0.00","1","_"
288,"imei checker new zealand",null,"0","$0.00","1","_"
289,"imei checker color iphone",null,"0","$0.00","1","_"
290,"imei checker realme phone",null,"0","$0.00","1","_"
291,"imei check pixel 6a",null,"0","$0.00","1","_"
292,"imei check iphone 06",null,"0","$0.00","1","_"
293,"imei checker nubia",null,"0","$0.00","1","_"
294,"imei number que significa en español",null,"0","$0.00","1","_"
295,"imei check 5g",null,"0","$0.00","1","_"
296,"imei checker on off",null,"0","$0.00","1","_"
297,"imei check xiaomi warranty",null,"0","$0.00","1","_"
298,"imei checker tablet",null,"0","$0.00","1","_"
299,"imei checker lost phone",null,"0","$0.00","1","_"
300,"imei checker itel",null,"0","$0.00","1","_"
301,"imei 711",null,"0","$0.00","1","_"
302,"imei qualification check",null,"0","$0.00","1","_"
303,"imei number check year model",null,"0","$0.00","1","_"
304,"imei check vivo y29",null,"0","$0.00","1","_"
305,"imei number 7 and 8 digit",null,"0","$0.00","1","_"
306,"imei checker eu",null,"0","$0.00","1","_"
307,"imei checker telstra",null,"0","$0.00","1","_"
308,"imei checker details",null,"0","$0.00","1","_"
309,"imei number 9",null,"0","$0.00","1","_"
310,"imei check 14422",null,"0","$0.00","1","_"
311,"imei check 2026",null,"0","$0.00","1","_"
312,"imei check 25",null,"0","$0.00","1","_"
313,"imei check knox",null,"0","$0.00","1","_"
314,"imei number 24",null,"0","$0.00","1","_"
315,"imei number 3",null,"0","$0.00","1","_"
316,"imei check pixel 7a",null,"0","$0.00","1","_"
317,"imei checker uk samsung",null,"0","$0.00","1","_"
318,"imei check 13 digit",null,"0","$0.00","1","_"
319,"imei check pixel 8",null,"0","$0.00","1","_"
320,"imei number 16 digits",null,"0","$0.00","1","_"
321,"imei checker blacklist check",null,"0","$0.00","1","_"
322,"imei check vivo y17",null,"0","$0.00","1","_"
323,"imei check egypt oppo",null,"0","$0.00","1","_"
324,"imei check redmi 9",null,"0","$0.00","1","_"
325,"imei checker with serial number",null,"0","$0.00","1","_"
326,"imei number janne ke liye kya karen",null,"0","$0.00","1","_"
327,"imei checker jv",null,"0","$0.00","1","_"
328,"imei checker unlocked free",null,"0","$0.00","1","_"
329,"imei check kyrgyzstan",null,"0","$0.00","1","_"
330,"imei check 0",null,"0","$0.00","1","_"
331,"rogers imei checker 3g",null,"0","$0.00","1","_"
332,"imei checker 3g",null,"0","$0.00","1","_"
333,"imei check pixel 8a",null,"0","$0.00","1","_"
334,"pta imei check qr code",null,"0","$0.00","1","_"
335,"imei check 8",null,"0","$0.00","1","_"
336,"imei checker iphone stolen",null,"0","$0.00","1","_"
337,"check imei z fold",null,"0","$0.00","1","_"
338,"imei number jio fiber",null,"0","$0.00","1","_"
339,"imei checker pta approved",null,"0","$0.00","1","_"
340,"imei check 4g",null,"0","$0.00","1","_"
341,"imei checker pro free",null,"0","$0.00","1","_"
342,"imei checker on phone",null,"0","$0.00","1","_"
343,"imei checker globe",null,"0","$0.00","1","_"
344,"imei checker gen mobile",null,"0","$0.00","1","_"
345,"imei checker watch",null,"0","$0.00","1","_"
346,"imei number jeep compass",null,"0","$0.00","1","_"
347,"3g imei checker optus",null,"0","$0.00","1","_"
348,"imei check pixel 6 pro",null,"0","$0.00","1","_"
349,"imei checker redmagic",null,"0","$0.00","1","_"
350,"imei checker online samsung",null,"0","$0.00","1","_"
351,"imei checker legit",null,"0","$0.00","1","_"
352,"imei check 24 icloud",null,"0","$0.00","1","_"
353,"imei checker with storage",null,"0","$0.00","1","_"
354,"imei check pixel 9",null,"0","$0.00","1","_"
355,"imei checker with xfinity",null,"0","$0.00","1","_"
356,"imei checker samsung unlocked",null,"0","$0.00","1","_"
357,"imei checker online iphone",null,"0","$0.00","1","_"
358,"check imei quốc tế hay lock",null,"0","$0.00","1","_"
359,"imei check lock status",null,"0","$0.00","1","_"
360,"imei check youtube",null,"0","$0.00","1","_"
361,"imei number z flip",null,"0","$0.00","1","_"
362,"imei checker samsung reddit",null,"0","$0.00","1","_"
363,"imei checker 3g shutdown",null,"0","$0.00","1","_"
364,"imei checker global",null,"0","$0.00","1","_"
365,"imei check kym",null,"0","$0.00","1","_"
366,"imei number 7th and 8th digit",null,"0","$0.00","1","_"
367,"imei checker storage",null,"0","$0.00","1","_"
368,"check imei jbl",null,"0","$0.00","1","_"
369,"imei check jio",null,"0","$0.00","1","_"
370,"imei check para que sirve",null,"0","$0.00","1","_"
371,"imei ais",null,"0","$0.00","1","_"
372,"imei checker blocklist",null,"0","$0.00","1","_"
373,"one nz imei checker 3g",null,"0","$0.00","1","_"
374,"imei number z fold 5",null,"0","$0.00","1","_"
375,"imei checker consumer cellular",null,"0","$0.00","1","_"
376,"imei checker gsma",null,"0","$0.00","1","_"
377,"imei checker comcast business",null,"0","$0.00","1","_"
378,"imei checker xiaomi cloud",null,"0","$0.00","1","_"
379,"imei number jio sim",null,"0","$0.00","1","_"
380,"imei number year of manufacture",null,"0","$0.00","1","_"
381,"imei check 4g or 5g",null,"0","$0.00","1","_"
382,"imei check 14",null,"0","$0.00","1","_"
383,"imei check e",null,"0","$0.00","1","_"
384,"imei checker metro by t mobile",null,"0","$0.00","1","_"
385,"imei checker device",null,"0","$0.00","1","_"
386,"3utools imei checker",null,"0","$0.00","1","_"
387,"imei checker region",null,"0","$0.00","1","_"
388,"imei checker iqoo",null,"0","$0.00","1","_"
389,"imei checker phone number",null,"0","$0.00","1","_"
390,"imei check pixel 8 pro",null,"0","$0.00","1","_"
391,"imei check egypt ntra",null,"0","$0.00","1","_"
392,"imei check vivo y19",null,"0","$0.00","1","_"
393,"imei number 14 or 15 digits",null,"0","$0.00","1","_"
394,"imei check bahrain zain",null,"0","$0.00","1","_"
395,"imei 000 check",null,"0","$0.00","1","_"
396,"imei number qr code",null,"0","$0.00","1","_"
397,"imei checker mobile",null,"0","$0.00","1","_"
398,"imei number 5g",null,"0","$0.00","1","_"
399,"imei checker google fi",null,"0","$0.00","1","_"
400,"imei check redmi 9a",null,"0","$0.00","1","_"
401,"imei check year",null,"0","$0.00","1","_"
402,"imei checker for carrier lock",null,"0","$0.00","1","_"
403,"imei check vivo blacklist",null,"0","$0.00","1","_"
